,City,Country,Lat,Lng,Max Temp,Humidity,Cloudiness,Wind Speed,Current Description
0,Butaritari,KI,3.0707,172.7902,81.95,79,14,18.77,light rain
1,Punta Arenas,CL,-53.15,-70.9167,35.71,64,75,4.61,broken clouds
2,Ushuaia,AR,-54.8,-68.3,35.26,69,75,14.97,broken clouds
3,Najran,SA,17.4924,44.1277,88.45,26,100,8.32,light rain
4,Lompoc,US,34.6391,-120.4579,67.93,84,100,11.01,overcast clouds
5,East London,ZA,-33.0153,27.9116,61.74,94,20,5.75,light rain
6,Mataura,NZ,-46.1927,168.8643,32.49,97,50,2.37,scattered clouds
7,Busselton,AU,-33.65,115.3333,54.82,66,67,4.47,broken clouds
8,General Roca,AR,-39.0333,-67.5833,53.8,36,95,18.05,overcast clouds
9,Rikitea,PF,-23.1203,-134.9692,72.23,80,22,7.43,light rain
10,Smidovich,RU,48.6,133.8167,64.8,88,4,3.24,clear sky
11,Bambous Virieux,MU,-20.3428,57.7575,70.21,68,75,18.41,broken clouds
12,Mahebourg,MU,-20.4081,57.7,71.26,68,75,18.41,broken clouds
13,Shakhtinsk,KZ,49.71,72.5872,61.57,81,85,8.34,overcast clouds
14,Hobart,AU,-42.8794,147.3294,49.26,78,100,10.36,overcast clouds
15,Dikson,RU,73.5069,80.5464,37.92,91,100,5.17,overcast clouds
16,Puerto Colombia,CO,10.9878,-74.9547,87.89,74,100,3.4,overcast clouds
17,Karasburg,NA,-28.0167,18.75,50.65,63,98,13.62,overcast clouds
18,Ponta Do Sol,PT,32.6667,-17.1,78.12,61,4,3.65,clear sky
19,Kapaa,US,22.0752,-159.319,75.18,93,76,3.0,broken clouds
20,Bluff,NZ,-46.6,168.3333,32.81,79,58,11.7,broken clouds
21,Valparaiso,CL,-33.0393,-71.6273,52.48,94,100,6.91,light rain
22,Cravo Norte,CO,6.3017,-70.2041,85.15,65,83,4.43,broken clouds
23,Hamilton,US,39.1834,-84.5333,84.07,63,0,4.0,clear sky
24,San Ramon,US,37.7799,-121.978,79.38,62,0,1.01,clear sky
25,Dingle,PH,10.9995,122.6711,77.43,92,71,4.83,broken clouds
26,Bengkulu,ID,-3.8004,102.2655,74.55,89,90,4.25,overcast clouds
27,Albany,US,42.6001,-73.9662,78.58,38,30,1.01,scattered clouds
28,Amod,IN,21.9833,72.9,83.03,78,100,14.81,overcast clouds
29,Shenkursk,RU,62.1091,42.896,72.9,60,96,5.23,overcast clouds
30,Netivot,IL,31.4222,34.5886,80.6,69,0,10.58,clear sky
31,Spring Valley,US,36.108,-115.245,98.78,11,5,1.01,clear sky
32,Scarborough,GB,54.2797,-0.4044,72.97,74,34,1.99,scattered clouds
33,Ferrol,ES,43.4832,-8.2369,79.59,72,18,7.23,few clouds
34,Souillac,MU,-20.5167,57.5167,70.18,68,75,18.41,broken clouds
35,Verkhnevilyuysk,RU,63.4453,120.3167,56.61,98,100,4.12,overcast clouds
36,Atuona,PF,-9.8,-139.0333,77.54,75,50,17.67,scattered clouds
37,Svetlaya,RU,46.5389,138.3297,62.35,93,81,7.07,broken clouds
38,Mersing,MY,2.4312,103.8405,75.11,100,40,5.75,scattered clouds
39,Pozo Colorado,PY,-23.4923,-58.7972,95.95,25,68,19.22,broken clouds
40,Ilulissat,GL,69.2167,-51.1,40.3,81,58,4.52,broken clouds
41,Cape Town,ZA,-33.9258,18.4232,56.12,87,40,12.66,light rain
42,Moa,CU,20.6569,-74.9403,88.7,61,96,10.54,overcast clouds
43,Port Alfred,ZA,-33.5906,26.891,55.18,94,96,9.62,heavy intensity rain
44,Havre-Saint-Pierre,CA,50.2334,-63.5986,62.96,59,75,20.71,broken clouds
45,Nagato,JP,34.3833,131.2,75.34,90,100,2.33,overcast clouds
46,Terrak,NO,65.087,12.3715,55.27,80,58,5.84,broken clouds
47,Adre,TD,13.4667,22.2,90.12,24,56,9.69,broken clouds
48,Half Moon Bay,US,37.4636,-122.4286,78.87,79,100,4.61,mist
49,Padang,ID,-0.9492,100.3543,76.71,86,100,4.38,overcast clouds
50,Kaitangata,NZ,-46.2817,169.8464,37.0,87,70,4.36,broken clouds
51,Hilo,US,19.7297,-155.09,76.28,92,100,5.75,overcast clouds
52,Kodiak,US,57.79,-152.4072,51.12,83,41,7.18,scattered clouds
53,Berezovyy,RU,51.6667,135.7,63.7,88,100,4.12,overcast clouds
54,Mercedes,AR,-34.6515,-59.4307,62.04,83,95,12.95,overcast clouds
55,Port Elizabeth,ZA,-33.918,25.5701,57.49,92,0,5.75,clear sky
56,Dwarka,IN,22.2394,68.9678,82.71,81,96,20.27,overcast clouds
57,Nome,US,64.5011,-165.4064,57.16,81,100,3.74,overcast clouds
58,Cidreira,BR,-30.1811,-50.2056,69.04,73,99,6.53,overcast clouds
59,Trabzon,TR,40.9167,39.8333,69.89,78,75,3.44,broken clouds
60,Ahipara,NZ,-35.1667,173.1667,55.67,86,100,5.19,overcast clouds
61,Nelson Bay,AU,-32.7167,152.15,54.1,93,89,8.01,light rain
62,Yellowknife,CA,62.456,-114.3525,69.67,58,50,3.47,scattered clouds
63,Chabahar,IR,25.2919,60.643,84.56,81,100,9.06,overcast clouds
64,Upernavik,GL,72.7868,-56.1549,39.6,83,26,2.77,scattered clouds
65,Yilan,TW,24.757,121.753,85.91,88,37,1.9,scattered clouds
66,Georgetown,MY,5.4112,100.3354,85.89,84,20,2.3,few clouds
67,Nyamati,IN,14.15,75.5833,70.12,92,100,11.77,moderate rain
68,Chokurdakh,RU,70.6333,147.9167,56.68,57,100,10.0,overcast clouds
69,Hashtrud,IR,37.4779,47.0508,77.23,31,0,5.46,clear sky
70,Castro,BR,-24.7911,-50.0119,71.17,50,97,10.38,overcast clouds
71,Tiksi,RU,71.6872,128.8694,54.63,58,7,4.32,clear sky
72,Klaksvik,FO,62.2266,-6.589,52.72,92,69,18.77,broken clouds
73,Vanimo,PG,-2.6741,141.3028,76.87,89,100,3.94,overcast clouds
74,Saint Anthony,US,45.0205,-93.218,83.03,70,61,3.0,broken clouds
75,Voh,NC,-20.9667,164.7,72.64,90,22,4.7,few clouds
76,Avarua,CK,-21.2078,-159.775,71.65,60,100,2.3,overcast clouds
77,Quthing,LS,-30.4,27.7003,47.62,87,93,10.38,moderate rain
78,Ranong,TH,9.9658,98.6348,79.43,86,100,13.31,overcast clouds
79,Hermanus,ZA,-34.4187,19.2345,52.81,76,100,5.41,overcast clouds
80,Saskylakh,RU,71.9167,114.0833,47.37,81,100,11.25,light rain
81,Ginda,IN,30.6945,78.4932,68.16,84,98,2.37,overcast clouds
82,Lavrentiya,RU,65.5833,-171.0,47.3,88,100,5.64,overcast clouds
83,New Norfolk,AU,-42.7826,147.0587,48.92,80,100,3.06,overcast clouds
84,Beira,MZ,-19.8436,34.8389,68.09,94,20,6.91,few clouds
85,Codrington,AU,-38.2667,141.9667,46.89,73,92,14.54,overcast clouds
86,Smithers,CA,54.7804,-127.1743,53.71,90,100,3.94,light rain
87,Husavik,IS,66.0449,-17.3389,54.36,82,97,5.73,moderate rain
88,Vanavara,RU,60.34,102.2797,60.15,85,86,4.18,light rain
89,Kalispell,US,48.1958,-114.3129,72.32,45,40,8.99,scattered clouds
90,Laguna,US,38.421,-121.4238,86.97,54,0,3.44,clear sky
91,Faya,SA,18.3851,42.4509,66.63,56,99,8.08,light rain
92,Gat,IL,31.61,34.7642,82.81,100,0,9.48,clear sky
93,Lasa,IT,46.6166,10.7002,76.69,50,55,6.8,broken clouds
94,Bredasdorp,ZA,-34.5322,20.0403,53.04,90,100,4.92,light rain
95,Liverpool,GB,53.4106,-2.9779,82.15,65,0,12.66,clear sky
96,Santa Isabel Do Rio Negro,BR,-0.4139,-65.0192,77.13,87,99,2.89,overcast clouds
97,Provideniya,RU,64.3833,-173.3,48.16,93,100,4.81,overcast clouds
98,Nikolskoye,RU,59.7035,30.7861,67.89,91,96,3.18,overcast clouds
99,Kholmogory,RU,64.2229,41.656,69.91,60,98,1.77,overcast clouds
100,Sambava,MG,-14.2667,50.1667,68.99,83,51,13.85,light rain
101,Mar Del Plata,AR,-38.0023,-57.5575,59.95,68,100,14.0,overcast clouds
102,Corinto,GR,37.9407,22.9573,86.41,41,23,5.41,few clouds
103,Saint-Philippe,RE,-21.3585,55.7679,69.39,75,40,15.52,scattered clouds
104,Norman Wells,CA,65.282,-126.8329,79.84,32,45,5.77,scattered clouds
105,Nouadhibou,MR,20.931,-17.0347,68.32,93,24,18.61,few clouds
106,Lebu,CL,-37.6167,-73.65,50.92,76,18,8.88,few clouds
107,Lae,PG,-6.7221,146.9847,75.61,83,92,4.68,overcast clouds
108,Saint George,US,37.1041,-113.5841,98.64,15,0,1.99,clear sky
109,Antofagasta,CL,-23.65,-70.4,66.22,56,100,6.69,overcast clouds
110,San Julian,MX,21.0167,-102.1667,72.25,41,1,4.14,clear sky
111,Tuatapere,NZ,-46.1333,167.6833,33.85,93,62,4.5,broken clouds
112,Rio Bananal,BR,-19.265,-40.3333,79.84,50,48,7.99,scattered clouds
113,Pahalgam,IN,34.0333,75.3333,62.49,87,69,1.1,broken clouds
114,Khandyga,RU,62.6667,135.6,65.68,97,100,4.61,light rain
115,Talnakh,RU,69.4865,88.3972,52.21,56,38,6.46,scattered clouds
116,Hameenlinna,FI,60.996,24.4643,63.03,65,99,3.8,overcast clouds
117,Alofi,NU,-19.0595,-169.9187,77.36,79,90,24.2,light rain
118,Bocas Del Toro,PA,9.3333,-82.25,77.59,85,99,6.55,overcast clouds
119,Tasiilaq,GL,65.6145,-37.6368,51.96,75,43,6.73,scattered clouds
120,Mecca,SA,21.4267,39.8261,94.23,16,80,3.76,broken clouds
121,Pangnirtung,CA,66.1451,-65.7125,50.88,63,36,4.9,scattered clouds
122,Vestmannaeyjar,IS,63.4427,-20.2734,50.99,100,100,16.11,mist
123,Coquimbo,CL,-29.9533,-71.3436,58.84,67,100,5.44,overcast clouds
124,Palmeiras De Goias,BR,-16.805,-49.9258,87.03,20,29,6.78,scattered clouds
125,Berlevag,NO,70.8578,29.0864,62.4,82,20,12.66,few clouds
126,Pangai,TO,-19.8,-174.35,76.78,81,69,22.12,broken clouds
127,Lata,PT,40.1629,-8.3327,89.49,39,0,9.93,clear sky
128,Matamoros,MX,25.5333,-103.25,90.19,26,11,7.0,few clouds
129,Krasnomayskiy,RU,57.6194,34.4099,65.08,94,88,4.07,light rain
130,Bandarbeyla,SO,9.4942,50.8122,75.6,80,68,35.03,broken clouds
131,Mardan,PK,34.2019,72.0525,89.29,61,96,9.98,overcast clouds
132,Yulara,AU,-25.2406,130.9889,45.46,44,0,5.68,clear sky
133,Puerto Ayora,EC,-0.7393,-90.3518,73.54,86,82,10.0,broken clouds
134,Zhigansk,RU,66.7697,123.3711,53.58,69,92,5.39,overcast clouds
135,Cherskiy,RU,68.75,161.3,46.29,56,30,3.18,scattered clouds
136,Karacabey,TR,40.2152,28.4038,71.83,68,35,5.03,scattered clouds
137,Caibarien,CU,22.5206,-79.4669,84.94,70,8,6.71,clear sky
138,Vila Franca Do Campo,PT,37.7167,-25.4333,70.21,62,39,6.33,scattered clouds
139,Sonoita,MX,31.85,-112.8333,98.4,18,32,2.62,scattered clouds
140,Sechura,PE,-5.5569,-80.8222,72.3,59,69,9.22,broken clouds
141,Sakakah,SA,29.9697,40.2064,93.87,10,0,12.59,clear sky
142,Maldonado,UY,-34.6667,-54.9167,79.99,66,55,14.43,broken clouds
143,Torbay,CA,47.6666,-52.7314,70.88,49,4,21.88,clear sky
144,Carutapera,BR,-1.195,-46.02,83.21,68,77,8.21,broken clouds
145,Ponta Delgada,PT,37.7333,-25.6667,70.52,68,75,11.5,broken clouds
146,Sai Buri,TH,6.7013,101.6168,78.85,84,100,6.96,moderate rain
147,San Juan,AR,-31.5375,-68.5364,61.59,20,92,14.76,overcast clouds
148,Talara,PE,-4.5772,-81.2719,68.77,70,64,17.49,broken clouds
149,Libreville,GA,0.3925,9.4537,75.43,73,81,10.71,broken clouds
150,Marsh Harbour,BS,26.5412,-77.0636,84.45,69,2,5.57,clear sky
151,Tautira,PF,-17.7333,-149.15,77.63,75,97,20.67,overcast clouds
152,Darnah,LY,32.767,22.6367,77.9,70,1,15.75,clear sky
153,Sangar,RU,63.9242,127.4739,57.99,77,100,2.95,overcast clouds
154,Vaini,TO,-21.2,-175.2,76.82,70,68,17.29,broken clouds
155,Bethel,US,41.3712,-73.414,82.35,46,0,1.01,clear sky
156,Aswan,EG,24.0934,32.907,101.5,16,0,8.05,clear sky
157,Cabo San Lucas,MX,22.8909,-109.9124,94.17,61,37,7.56,scattered clouds
158,Arman,RU,59.7,150.1667,56.17,81,3,3.51,clear sky
159,Kavieng,PG,-2.5744,150.7967,82.0,74,65,12.19,broken clouds
160,Altay,CN,47.8667,88.1167,60.3,62,26,5.84,scattered clouds
161,Saint-Augustin,CA,51.226,-58.6502,61.41,55,82,12.1,broken clouds
162,Hirara,JP,24.8,125.2833,84.27,76,0,12.62,clear sky
163,Sarkand,KZ,45.41,79.9186,67.37,37,49,8.03,scattered clouds
164,Dodge City,US,37.7528,-100.0171,91.65,40,0,18.41,clear sky
165,Carnarvon,AU,-24.8667,113.6333,62.62,61,2,18.32,clear sky
166,Landeck,AT,47.1301,10.5636,63.61,68,78,6.73,broken clouds
167,Virginia Beach,US,36.8529,-75.978,73.02,90,100,13.8,overcast clouds
168,Pangkalanbuun,ID,-2.6833,111.6167,74.53,97,99,2.48,overcast clouds
169,Poopo,BO,-18.3667,-66.9667,52.27,29,71,13.6,broken clouds
170,Khatanga,RU,71.9667,102.5,48.69,60,89,13.51,overcast clouds
171,Barrow,US,71.2906,-156.7887,57.22,72,75,0.0,broken clouds
172,Hobyo,SO,5.3505,48.5268,76.69,79,45,27.67,scattered clouds
173,Karratha,AU,-20.7377,116.8463,64.02,35,2,4.97,clear sky
174,Amahai,ID,-3.3333,128.9167,76.87,91,100,5.39,overcast clouds
175,Ust-Omchug,RU,61.15,149.6333,59.68,83,27,6.67,scattered clouds
176,Darhan,MN,49.4867,105.9228,60.93,63,100,6.82,overcast clouds
177,Jiuquan,CN,39.7432,98.5174,74.77,44,2,4.72,clear sky
178,Orotukan,RU,62.2667,151.7,64.74,76,52,7.9,broken clouds
179,Vilhena,BR,-12.7406,-60.1458,90.43,27,2,5.17,clear sky
180,Acari,PE,-15.4311,-74.6158,71.83,59,87,7.87,overcast clouds
181,Bowen,AU,-20.0167,148.2333,53.73,67,0,7.78,clear sky
182,Molo,KE,-0.2479,35.7374,52.5,93,99,3.44,overcast clouds
183,Nefteyugansk,RU,61.0998,72.6035,67.32,69,14,8.79,few clouds
184,Broome,US,42.2506,-75.833,78.71,44,0,7.0,clear sky
185,Solnechnyy,RU,50.7214,136.6319,64.11,88,100,2.82,overcast clouds
186,Abu Dhabi,AE,24.4667,54.3667,91.69,77,78,14.45,broken clouds
187,Oranjemund,NA,-28.55,16.4333,56.26,87,29,4.76,scattered clouds
188,Pedernales,DO,18.0384,-71.744,86.4,61,99,10.2,overcast clouds
189,Nakamura,JP,32.9833,132.9333,73.92,96,66,1.25,broken clouds
190,Jamestown,US,42.097,-79.2353,77.02,34,0,5.99,clear sky
191,Lucapa,AO,-8.4192,20.7447,74.88,22,3,1.39,clear sky
192,Jumla,NP,29.2747,82.1838,64.08,89,80,2.39,broken clouds
193,Riyadh,SA,24.6877,46.7219,98.65,7,100,9.95,overcast clouds
194,Howard Springs,AU,-12.497,131.047,62.51,71,59,6.96,broken clouds
195,Lardos,GR,36.0942,28.0157,81.95,69,0,19.48,clear sky
196,Waterloo,CA,43.4668,-80.5164,81.46,45,65,4.97,broken clouds
197,Wajir,KE,1.7471,40.0573,80.1,51,88,23.33,overcast clouds
198,Viedma,AR,-40.8135,-62.9967,55.71,58,34,16.08,scattered clouds
199,Arraial Do Cabo,BR,-22.9661,-42.0278,76.86,69,0,20.71,clear sky
200,Safaga,EG,26.7292,33.9365,89.67,45,8,9.53,clear sky
201,Qaanaaq,GL,77.484,-69.3632,43.54,69,100,0.58,overcast clouds
202,Geraldton,AU,-28.7667,114.6,50.41,93,100,8.05,overcast clouds
203,Nanortalik,GL,60.1432,-45.2371,44.1,85,90,5.61,overcast clouds
204,Snasa,NO,64.2457,12.3778,54.81,75,81,9.75,broken clouds
205,Salalah,OM,17.0151,54.0924,77.09,100,100,6.91,light intensity drizzle
206,Aldan,RU,58.6031,125.3894,57.49,94,100,1.81,light rain
207,Soto La Marina,MX,23.7667,-98.2167,95.77,33,6,4.9,clear sky
208,Atasu,KZ,48.6814,71.6433,67.23,59,66,12.41,broken clouds
209,Nabire,ID,-3.3667,135.4833,75.51,94,100,2.06,overcast clouds
210,Kruisfontein,ZA,-34.0033,24.7314,50.88,89,94,11.5,light rain
211,Tynda,RU,55.1667,124.7167,56.14,99,97,1.81,moderate rain
212,Fairbanks,US,64.8378,-147.7164,62.6,92,75,0.0,smoke
213,Katsuura,JP,35.1333,140.3,74.37,94,9,2.53,clear sky
214,Ketchikan,US,55.3422,-131.6461,54.07,94,100,12.66,light rain
215,Corleone,IT,37.8134,13.3017,77.74,46,0,10.63,clear sky
216,Krasnosilka,UA,46.6226,30.7742,79.34,35,90,10.96,overcast clouds
217,Fontem,CM,5.4685,9.8818,69.1,95,77,1.92,light rain
218,Logan Lake,CA,50.4998,-120.8025,58.23,55,99,4.59,overcast clouds
219,Beloha,MG,-25.1667,45.05,66.61,63,0,10.92,clear sky
220,Bereda,ES,43.2686,-7.5406,94.57,48,0,6.89,clear sky
221,Hithadhoo,MV,-0.6,73.0833,82.8,71,100,2.95,overcast clouds
222,La Ronge,CA,55.1001,-105.2842,69.58,46,62,5.7,broken clouds
223,Airai,TL,-8.9266,125.4092,55.22,92,78,2.91,broken clouds
224,Pevek,RU,69.7008,170.3133,32.29,88,100,6.2,overcast clouds
225,Okha,RU,53.5739,142.9478,63.43,89,68,9.26,broken clouds
226,Grand-Santi,GF,4.25,-54.3833,87.89,55,58,2.62,broken clouds
227,Inhambane,MZ,-23.865,35.3833,67.98,88,20,9.22,few clouds
228,Tecoanapa,MX,16.5167,-98.75,86.49,64,44,5.03,scattered clouds
229,Puerto Escondido,MX,15.85,-97.0667,88.63,66,40,8.05,scattered clouds
230,Bassar,TG,9.25,0.7833,76.86,86,99,4.7,light rain
231,Lewistown,US,40.5992,-77.5714,81.88,69,0,0.0,clear sky
232,Flin Flon,CA,54.7682,-101.865,79.97,34,9,6.76,clear sky
233,Champerico,GT,14.3,-91.9167,91.94,74,15,8.59,few clouds
234,Chuy,UY,-33.6971,-53.4616,72.0,72,22,11.7,few clouds
235,Rocha,UY,-34.4833,-54.3333,76.41,61,60,14.29,broken clouds
236,Port-Gentil,GA,-0.7193,8.7815,75.16,78,75,14.97,broken clouds
237,Buala,SB,-8.145,159.5921,78.62,83,97,3.62,overcast clouds
238,Grand Gaube,MU,-20.0064,57.6608,70.38,64,71,8.01,broken clouds
239,Tuktoyaktuk,CA,69.4541,-133.0374,41.22,86,45,7.87,scattered clouds
240,Ulaanbaatar,MN,47.9077,106.8832,56.1,90,100,2.37,moderate rain
241,Calabozo,VE,8.9242,-67.4293,86.45,64,54,8.1,broken clouds
242,Neuquen,AR,-38.9516,-68.0591,46.29,61,0,3.44,clear sky
243,Samara,RU,53.0,50.0,65.82,76,67,6.02,broken clouds
244,Birin,NP,26.8865,88.0718,66.09,86,53,4.68,broken clouds
245,Zanjan,IR,36.6736,48.4787,72.63,40,4,9.86,clear sky
246,Boa Vista,BR,2.8197,-60.6733,87.31,59,25,6.73,scattered clouds
247,Kuching,MY,1.55,110.3333,80.82,89,20,0.0,few clouds
248,Santa Cruz Cabralia,BR,-16.2781,-39.0247,79.03,69,75,12.66,broken clouds
249,Caravelas,BR,-17.7125,-39.2481,78.51,58,61,6.53,broken clouds
250,Patacamaya,BO,-17.2333,-67.9167,56.73,30,43,11.83,scattered clouds
251,San Policarpo,PH,12.1791,125.5072,78.85,89,100,5.39,overcast clouds
252,Hovd,MN,48.0056,91.6419,60.13,52,98,5.3,moderate rain
253,Natal,BR,-5.795,-35.2094,81.25,78,40,11.5,scattered clouds
254,Joensuu,FI,62.6012,29.7632,66.69,72,98,5.75,overcast clouds
255,Scicli,IT,36.7902,14.7014,81.95,51,7,8.63,clear sky
256,Bayevo,RU,53.2833,80.7667,66.15,76,11,8.86,few clouds
257,Vestmanna,FO,62.1564,-7.1664,50.92,100,100,13.8,mist
258,Vila,PT,42.0304,-8.1588,86.7,40,0,8.03,clear sky
259,Clyde River,CA,70.4692,-68.5914,46.29,68,76,3.0,broken clouds
260,Sobotka,PL,50.8999,16.7444,66.27,50,91,12.03,overcast clouds
261,Anadyr,RU,64.75,177.4833,46.9,100,100,5.99,light rain
262,Westport,US,41.1415,-73.3579,82.44,49,0,6.91,clear sky
263,Harstad,NO,68.799,16.5293,60.3,100,22,5.01,few clouds
264,Kachug,RU,53.9606,105.8817,56.25,81,75,3.96,broken clouds
265,Daultala,PK,33.1925,73.1413,82.62,68,69,8.66,broken clouds
266,Baie-Comeau,CA,49.2168,-68.1489,65.14,52,14,13.73,few clouds
267,Balgazyn,RU,51.0,95.2,56.14,50,80,1.43,broken clouds
268,Saint-Pierre,RE,-21.3393,55.4781,69.48,70,0,19.57,clear sky
269,Kutum,SD,14.2,24.6667,89.64,21,73,8.95,broken clouds
270,Banepa,NP,27.6298,85.5214,71.92,88,75,0.0,broken clouds
271,General Pico,AR,-35.6566,-63.7568,61.39,21,100,14.14,overcast clouds
272,Gaoual,GN,11.75,-13.2,86.32,73,98,4.56,light rain
273,Waingapu,ID,-9.6567,120.2641,75.2,87,48,10.56,scattered clouds
274,Talcahuano,CL,-36.7167,-73.1167,55.08,67,40,3.44,scattered clouds
275,Varkkallai,IN,8.7341,76.7067,78.58,88,97,14.05,overcast clouds
276,Temerloh,MY,3.4483,102.4176,75.18,94,100,1.1,overcast clouds
277,Zhob,PK,31.3411,69.4481,79.03,67,84,7.94,broken clouds
278,Beatrice,US,40.2681,-96.747,85.44,65,0,14.97,clear sky
279,Mezen,RU,65.8522,44.24,69.1,57,30,8.46,scattered clouds
280,Paramonga,PE,-10.6667,-77.8333,65.97,74,92,11.1,overcast clouds
281,Beringovskiy,RU,63.05,179.3167,45.16,90,100,14.72,moderate rain
282,Moose Factory,CA,51.2585,-80.6094,69.93,52,100,4.52,light rain
283,Sarmanovo,RU,55.2553,52.5891,77.68,72,32,2.86,scattered clouds
284,Chongwe,ZM,-15.3292,28.682,60.42,47,8,4.45,clear sky
285,Erzin,TR,36.9559,36.2,75.11,83,1,7.45,clear sky
286,Sawtell,AU,-30.3833,153.1,57.18,82,100,12.66,light rain
287,Marsaxlokk,MT,35.8419,14.5431,81.21,65,20,8.05,few clouds
288,Naze,JP,28.3667,129.4833,78.37,90,6,2.19,clear sky
289,Necochea,AR,-38.5473,-58.7368,55.06,69,100,11.16,overcast clouds
290,Presidencia Roque Saenz Pena,AR,-26.7852,-60.4388,87.44,33,100,15.61,overcast clouds
291,Kijang,KR,35.2442,129.2139,75.58,89,99,4.85,overcast clouds
292,Guerrero Negro,MX,27.9769,-114.0611,74.77,65,14,13.0,few clouds
293,Kjopsvik,NO,68.097,16.3742,58.17,75,71,5.01,broken clouds
294,Kozhevnikovo,RU,56.2589,83.9714,66.25,82,37,4.7,scattered clouds
295,Salinopolis,BR,-0.6136,-47.3561,82.89,72,56,9.06,broken clouds
296,Mahibadhoo,MV,3.7833,72.9667,82.18,75,100,10.36,overcast clouds
297,Grandview,US,38.8858,-94.533,87.66,59,0,8.05,clear sky
298,Chifeng,CN,42.2683,118.9636,70.02,63,1,5.39,clear sky
299,Isiro,CD,2.7739,27.616,67.23,92,77,2.66,broken clouds
300,Ribeira Grande,PT,38.5167,-28.7,72.0,64,75,10.36,broken clouds
301,Boulder City,US,35.9786,-114.8325,99.0,6,0,13.8,clear sky
302,Rio Grande,BR,-32.035,-52.0986,86.11,78,75,12.97,broken clouds
303,Horodyshche,UA,49.2849,31.4451,72.7,52,64,13.78,broken clouds
304,Pointe-Noire,CG,-4.7761,11.8635,71.78,78,69,7.34,broken clouds
305,Faanui,PF,-16.4833,-151.75,78.62,73,66,22.08,light rain
306,Cervo,ES,43.6702,-7.4101,72.73,72,2,9.93,clear sky
307,Kapoeta,SS,4.7717,33.5903,78.53,56,96,9.26,overcast clouds
308,Esperance,AU,-33.8667,121.9,55.15,77,80,12.41,broken clouds
309,Stephenville,US,32.2207,-98.2023,99.86,34,0,9.22,clear sky
310,Itarema,BR,-2.9248,-39.9167,85.95,58,32,15.1,scattered clouds
311,Palmas Bellas,PA,9.2319,-80.0867,79.25,81,62,11.12,broken clouds
312,Samagaltay,RU,50.6022,95.0047,53.24,59,59,5.99,broken clouds
313,Uralets,RU,57.6614,59.6497,69.64,68,97,1.95,overcast clouds
314,Wilmington,US,34.2257,-77.9447,83.95,75,100,9.22,overcast clouds
315,Linhares,BR,-19.3911,-40.0722,81.1,48,37,8.59,scattered clouds
316,Empangeni,ZA,-28.762,31.8933,61.88,62,0,2.42,clear sky
317,Senanga,ZM,-16.1167,23.2667,66.2,36,0,4.52,clear sky
318,Praya,CV,14.9215,-23.5087,76.39,78,34,9.51,scattered clouds
319,Erenhot,CN,43.6475,111.9767,77.79,26,2,9.91,clear sky
320,Camana,PE,-16.6228,-72.7111,64.2,78,90,7.18,overcast clouds
321,Jodhpur,IN,26.2867,73.03,87.93,62,100,10.09,overcast clouds
322,Rawson,AR,-43.3002,-65.1023,42.46,91,96,26.17,light rain
323,Namatanai,PG,-3.6667,152.4333,78.12,80,88,6.76,overcast clouds
324,Aykhal,RU,66.0,111.5,57.63,59,93,6.26,overcast clouds
325,Rio Gallegos,AR,-51.6226,-69.2181,24.85,100,0,6.91,clear sky
326,Frata,RO,46.7,24.05,68.72,47,85,16.46,overcast clouds
327,Hami,CN,42.8,93.45,84.74,15,82,14.76,broken clouds
328,North Ogden,US,41.3072,-111.9602,87.48,28,0,3.44,clear sky
329,Tanabe,JP,33.7333,135.3667,75.43,94,39,2.51,scattered clouds
330,Aviles,ES,43.5547,-5.9248,84.18,66,0,11.99,clear sky
331,Zhezkazgan,KZ,47.8043,67.7144,69.78,56,0,13.42,clear sky
332,Makakilo City,US,21.3469,-158.0858,77.32,70,0,11.5,clear sky
333,Calvinia,ZA,-31.4707,19.776,48.6,89,99,7.09,light rain
334,Ust-Kulom,RU,61.6864,53.6902,69.91,62,60,5.06,broken clouds
335,Longyearbyen,SJ,78.2186,15.6401,44.44,81,75,8.05,broken clouds
336,Whitehorse,CA,60.7161,-135.0538,60.03,58,89,11.99,overcast clouds
337,Auki,SB,-8.7676,160.7034,76.01,87,90,3.42,overcast clouds
338,Daytona Beach,US,29.2108,-81.0228,95.11,72,40,10.36,scattered clouds
339,Caucaia,BR,-3.7361,-38.6531,85.95,68,20,16.11,few clouds
340,Morwell,AU,-38.2333,146.4,45.41,97,92,1.57,overcast clouds
341,Tabuk,PH,17.4189,121.4443,75.13,93,7,3.42,clear sky
342,Jibuti,DJ,11.5,42.5,85.73,44,84,17.72,light rain
343,Victoria,HK,22.2855,114.1577,86.38,80,16,8.99,few clouds
344,Zaysan,KZ,47.4667,84.8667,65.43,48,16,7.9,few clouds
345,Seoul,KR,37.5683,126.9778,76.39,83,75,2.3,moderate rain
346,Lorengau,PG,-2.0226,147.2712,81.34,75,33,8.97,scattered clouds
347,Beberibe,BR,-4.1797,-38.1306,83.98,63,18,12.59,few clouds
348,Walvis Bay,NA,-22.9575,14.5053,58.08,75,0,23.73,clear sky
349,Songjianghe,CN,42.1859,127.479,60.51,88,100,4.5,overcast clouds
350,Biak,ID,-0.9131,122.8766,74.03,88,100,7.34,overcast clouds
351,Shitanjing,CN,39.2342,106.3439,75.88,47,100,4.54,overcast clouds
352,Jalingo,NG,8.8833,11.3667,80.29,75,82,6.31,broken clouds
353,Havelock,US,34.8791,-76.9013,83.95,90,100,10.36,overcast clouds
354,Port Lincoln,AU,-34.7333,135.8667,54.91,49,99,18.57,overcast clouds
355,Sao Jose Da Coroa Grande,BR,-8.8978,-35.1478,79.56,65,10,11.27,clear sky
356,Magadan,RU,59.5667,150.8,55.67,83,4,2.91,clear sky
357,Launceston,AU,-41.45,147.1667,47.16,81,100,6.91,overcast clouds
358,Manggar,ID,-2.8833,108.2667,81.0,75,100,12.53,overcast clouds
359,Gawler,AU,-34.6,138.7333,52.25,64,26,7.94,scattered clouds
360,Haines Junction,CA,60.7522,-137.5108,59.49,56,89,1.14,overcast clouds
361,Dod Ballapur,IN,13.2919,77.5431,71.62,86,100,14.97,overcast clouds
362,Bathsheba,BB,13.2167,-59.5167,86.61,81,75,18.41,broken clouds
363,Sobolevo,RU,54.4299,31.8996,65.28,85,93,5.86,overcast clouds
364,Christchurch,NZ,-43.5333,172.6333,33.33,93,19,1.14,few clouds
365,Renqiu,CN,38.6989,116.0936,72.16,75,1,1.14,clear sky
366,Copiapo,CL,-27.3667,-70.3333,58.69,29,0,5.41,clear sky
367,Cap Malheureux,MU,-19.9842,57.6142,70.47,62,68,11.01,broken clouds
368,Zhangye,CN,38.9342,100.4517,75.52,47,81,6.87,broken clouds
369,Wuwei,CN,37.9281,102.6414,66.79,91,100,7.2,overcast clouds
370,Borogontsy,RU,62.6683,131.1683,64.35,99,100,2.37,moderate rain
371,Panormos,GR,35.4182,24.6909,79.02,60,2,5.32,clear sky
372,Tahta,EG,26.7693,31.5021,97.79,16,7,9.08,clear sky
373,Pisco,PE,-13.7,-76.2167,63.01,77,48,12.66,scattered clouds
374,Acajutla,SV,13.5928,-89.8275,85.8,62,70,5.21,broken clouds
375,Ayan,RU,56.45,138.1667,56.73,96,100,13.82,overcast clouds
376,Jalu,LY,29.0331,21.5482,92.46,23,0,12.19,clear sky
377,Honiara,SB,-9.4333,159.95,75.76,84,94,4.9,overcast clouds
378,Pierre,US,44.3683,-100.351,85.86,70,0,25.32,clear sky
379,Poum,NC,-20.2333,164.0167,78.33,82,5,14.27,clear sky
380,Matay,EG,28.419,30.7792,96.03,24,2,12.06,clear sky
381,Hasaki,JP,35.7333,140.8333,75.6,93,0,3.96,clear sky
382,Polis,CY,35.0367,32.4264,78.62,75,1,10.58,clear sky
383,Rubio,VE,7.7013,-72.3557,79.65,41,72,9.15,broken clouds
384,Sur,OM,22.5667,59.5289,85.55,75,97,16.51,overcast clouds
385,Andenes,NO,69.3143,16.1194,52.93,87,40,6.91,scattered clouds
386,Hambantota,LK,6.1241,81.1185,81.1,79,100,19.42,overcast clouds
387,Wharton,US,29.3116,-96.1027,95.74,54,0,3.44,clear sky
388,Kokopo,PG,-4.352,152.2633,76.78,82,96,7.18,overcast clouds
389,Sinnamary,GF,5.3833,-52.95,80.87,80,83,6.06,broken clouds
390,Bredy,RU,52.4153,60.3411,66.9,65,77,7.49,broken clouds
391,Opuwo,NA,-18.0607,13.84,67.15,25,0,3.31,clear sky
392,Tilichiki,RU,60.4667,166.1,50.27,79,2,4.81,clear sky
393,Dombarovskiy,RU,50.7587,59.5386,73.63,48,78,5.06,broken clouds
394,Puerto Carreno,CO,6.189,-67.4859,86.13,65,70,1.43,broken clouds
395,Ledyard,US,41.4398,-72.0142,80.19,46,0,6.91,clear sky
396,Iqaluit,CA,63.7506,-68.5145,43.7,75,100,5.01,overcast clouds
397,Oppdal,NO,62.5943,9.6912,51.75,77,93,5.97,overcast clouds
398,Hit,IQ,33.6416,42.8251,96.4,12,0,15.3,clear sky
399,Tamandare,BR,-8.7597,-35.1047,79.99,63,5,10.58,clear sky
400,Omsukchan,RU,62.5333,155.8,60.48,72,68,6.29,broken clouds
401,Gerede,TR,40.8008,32.1969,53.91,96,85,4.52,overcast clouds
402,Ambalavao,MG,-21.8333,46.9333,56.3,91,73,4.68,broken clouds
403,Dudinka,RU,69.4058,86.1778,52.63,59,17,8.14,few clouds
404,Mandalgovi,MN,45.7625,106.2708,69.06,46,100,12.84,overcast clouds
405,Pingshan,CN,22.9938,114.7131,78.67,93,70,3.38,broken clouds
406,Springbok,ZA,-29.6643,17.8865,47.28,92,100,7.61,light rain
407,Matagami,CA,49.7502,-77.6328,78.22,33,94,9.1,light rain
408,Thompson,CA,55.7435,-97.8558,81.64,36,16,7.38,few clouds
409,Damghan,IR,36.1683,54.348,86.04,28,7,12.12,clear sky
410,Kalabo,ZM,-14.97,22.6814,65.82,37,9,1.83,clear sky
411,Kyaikto,MM,17.3,97.0167,76.87,91,97,3.69,overcast clouds
412,Steamboat Springs,US,40.485,-106.8317,82.71,37,0,5.75,clear sky
413,Berlin,DE,52.5244,13.4105,71.02,52,0,13.0,clear sky
414,Americus,US,32.0724,-84.2327,87.93,58,40,3.44,scattered clouds
415,Pauini,BR,-7.7136,-66.9764,94.55,38,44,3.29,scattered clouds
416,Marawi,PH,7.9986,124.2928,69.17,91,89,5.28,overcast clouds
417,Coihaique,CL,-45.5752,-72.0662,30.15,93,75,3.44,light snow
418,Kloulklubed,PW,7.0419,134.2556,83.1,71,87,4.23,overcast clouds
419,Cayenne,GF,4.9333,-52.3333,85.08,10,75,3.44,broken clouds
420,San Cristobal,VE,7.7669,-72.225,78.98,45,65,8.48,broken clouds
421,Mansar,IN,21.4,79.25,76.73,86,100,6.15,overcast clouds
422,Yekaterinoslavka,RU,50.3734,129.1139,60.53,95,100,7.81,overcast clouds
423,Olean,US,42.0776,-78.4297,75.88,43,0,10.36,clear sky
424,Pucallpa,PE,-8.3791,-74.5539,87.84,62,40,2.3,scattered clouds
425,Zyryanka,RU,65.75,150.85,59.11,62,44,7.29,scattered clouds
426,Mehamn,NO,71.0357,27.8492,55.35,76,0,6.91,clear sky
427,Donduseni,MD,48.2427,27.6101,70.99,37,86,14.61,overcast clouds
428,Leshukonskoye,RU,64.8989,45.7622,71.08,48,95,6.13,overcast clouds
429,Gornopravdinsk,RU,60.05,69.9,69.01,90,72,1.12,light rain
430,Vozhega,RU,60.4725,40.2213,71.94,69,82,3.53,broken clouds
431,Takoradi,GH,4.8845,-1.7554,77.95,77,86,11.25,overcast clouds
432,Lufilufi,WS,-13.8745,-171.5986,73.18,75,98,15.21,light rain
433,Clovis,US,36.8252,-119.7029,92.61,42,20,4.0,few clouds
434,Puerto Quijarro,BO,-17.7833,-57.7667,97.3,24,25,9.57,scattered clouds
435,Goderich,CA,43.7501,-81.7165,66.9,64,29,6.53,scattered clouds
436,Ubinskoye,RU,55.3068,79.6802,66.88,83,39,6.17,scattered clouds
437,Sitka,US,57.0531,-135.33,55.29,88,100,4.61,light rain
438,Sliema,MT,35.9125,14.5019,81.09,65,20,8.05,few clouds
439,Amapa,BR,1.0,-52.0,84.97,63,37,3.69,scattered clouds
440,San Pedro,PH,14.35,121.0167,83.43,83,20,4.61,few clouds
441,Curaca,BR,-8.9903,-39.9094,81.73,46,92,19.46,overcast clouds
442,Boralday,KZ,43.3578,76.8594,71.46,40,75,8.95,broken clouds
443,Mananara,MG,-16.1667,49.7667,69.42,76,22,9.73,few clouds
444,Russell,US,32.3502,-85.1999,88.88,66,40,3.44,scattered clouds
445,Marrakesh,MA,31.6315,-8.0083,113.07,6,20,6.91,few clouds
446,Matadi,CD,-5.8167,13.45,82.56,50,81,7.18,broken clouds
447,Gambela,ET,8.25,34.5833,72.45,84,100,3.24,overcast clouds
448,The Valley,AI,18.217,-63.0578,87.66,78,64,18.66,broken clouds
449,Machala,EC,-3.2667,-79.9667,73.35,88,100,6.91,overcast clouds
450,Saint-Ambroise,CA,48.5501,-71.3324,76.59,34,28,7.34,scattered clouds
451,Avera,US,33.194,-82.5271,82.45,51,86,4.07,overcast clouds
452,Quatre Cocos,MU,-20.2078,57.7625,70.09,62,77,21.14,broken clouds
453,Banda Aceh,ID,5.5577,95.3222,81.03,80,100,15.01,overcast clouds
454,Kununurra,AU,-15.7667,128.7333,49.98,76,37,1.14,scattered clouds
455,Estevan,CA,49.1334,-102.9842,73.22,73,40,9.22,scattered clouds
456,Krasnoselkup,RU,65.7,82.4667,57.52,73,81,5.21,broken clouds
457,Meulaboh,ID,4.1363,96.1285,77.58,86,100,3.29,overcast clouds
458,Porto Novo,BJ,6.4965,2.6036,78.22,77,99,10.29,overcast clouds
459,Bolshaya Sosnova,RU,57.6713,54.6029,73.2,65,28,1.07,scattered clouds
460,Gorom-Gorom,BF,14.4439,-0.2361,96.91,33,89,8.32,overcast clouds
461,Isabela,PH,6.7085,121.9711,79.38,82,79,2.68,broken clouds
462,Topeka,US,39.0483,-95.678,86.9,62,0,11.5,clear sky
463,Sao Filipe,CV,14.8961,-24.4956,74.53,82,39,7.47,scattered clouds
464,Narsaq,GL,60.9167,-46.05,57.42,70,46,6.04,scattered clouds
465,Lingyuan,CN,41.24,119.4011,65.57,92,1,2.48,clear sky
466,Oktyabrskoye,RU,43.0645,44.7417,78.94,69,40,2.24,scattered clouds
467,Diffa,NE,13.3154,12.6113,98.31,25,47,4.0,scattered clouds
468,Herne Bay,GB,51.373,1.1286,80.74,50,47,3.0,scattered clouds
469,Beyneu,KZ,45.3167,55.2,90.48,18,4,9.24,clear sky
470,Basco,PH,20.4487,121.9702,83.62,77,22,12.37,few clouds
471,Rach Gia,VN,10.0167,105.0833,77.74,90,100,25.7,overcast clouds
472,Tarauaca,BR,-8.1614,-70.7656,92.62,43,65,2.37,broken clouds
473,Salym,RU,60.0625,71.4789,66.83,92,70,3.15,light rain
474,Patrocinio,BR,-18.9439,-46.9925,77.45,33,13,9.13,few clouds
475,Kang,BW,-23.6752,22.7876,59.09,36,6,11.39,clear sky
476,Fengrun,CN,39.8333,118.1167,69.12,82,0,3.22,clear sky
477,Muisne,EC,0.6,-80.0333,76.3,77,97,9.84,overcast clouds
478,San Joaquin,US,37.9333,-121.3011,82.54,49,0,10.36,clear sky
479,Comodoro Rivadavia,AR,-45.8667,-67.5,35.46,93,100,13.8,light snow
480,Otacilio Costa,BR,-27.4831,-50.1219,70.34,55,79,4.59,broken clouds
481,Samarai,PG,-10.6167,150.6667,80.46,74,17,11.12,few clouds
482,Dunkwa,GH,5.9656,-1.78,77.97,86,75,3.62,light rain
483,Uray,RU,60.1247,64.7758,72.23,64,23,7.0,few clouds
484,Petropavlovsk-Kamchatskiy,RU,53.0452,158.6483,64.99,88,75,0.0,broken clouds
485,Van,TR,38.4924,43.3831,72.75,64,20,0.0,few clouds
486,Olafsvik,IS,64.8945,-23.7142,50.95,93,100,8.79,overcast clouds
487,Yibin,CN,28.7667,104.6238,82.9,82,12,2.53,few clouds
488,Tessalit,ML,20.1986,1.0114,106.81,6,9,3.96,clear sky
489,Turukhansk,RU,65.8167,87.9833,48.38,71,13,6.24,few clouds
490,Yar-Sale,RU,66.8333,70.8333,59.94,68,71,9.66,broken clouds
491,Kapit,MY,2.0167,112.9333,72.73,99,94,1.3,overcast clouds
492,Vao,NC,-22.6667,167.4833,75.96,78,79,22.3,broken clouds
493,Conceicao Da Barra,BR,-18.5933,-39.7322,77.61,60,56,7.07,broken clouds
494,Yenagoa,NG,4.9247,6.2642,76.64,84,97,8.32,light rain
495,Kytmanovo,RU,53.4593,85.4479,63.59,84,6,7.61,clear sky
496,Cortez,US,37.3489,-108.5859,86.76,28,0,9.22,clear sky
497,Alice Springs,AU,-23.7,133.8833,31.55,74,0,0.0,clear sky
498,Volda,NO,62.1476,6.0741,60.93,76,75,1.14,broken clouds
499,Carmen,MX,18.6333,-91.8333,86.04,70,0,13.8,clear sky
500,Luderitz,NA,-26.6481,15.1594,58.51,74,20,13.0,few clouds
501,Ust-Ilimsk,RU,58.0006,102.6619,60.98,70,87,4.12,overcast clouds
502,Severo-Kurilsk,RU,50.6789,156.125,59.23,75,97,6.29,overcast clouds
503,Port Macquarie,AU,-31.4333,152.9167,53.49,94,75,9.22,broken clouds
504,Dunedin,NZ,-45.8742,170.5036,39.79,79,55,6.22,broken clouds
505,Saint-Michel-Des-Saints,CA,46.6834,-73.9159,78.94,33,22,6.58,few clouds
506,Nantucket,US,41.2835,-70.0995,75.34,66,0,8.05,clear sky
507,Suozhen,CN,36.9539,118.1047,74.3,86,95,4.18,overcast clouds
508,Madingou,CG,-4.1536,13.55,82.71,44,76,3.71,broken clouds
509,Bubaque,GW,11.2833,-15.8333,80.42,81,36,5.26,light rain
510,Bonnyville,CA,54.2668,-110.735,64.8,63,70,16.08,broken clouds
511,Basar,IN,27.9833,94.6667,74.07,98,84,1.45,broken clouds
512,Innisfail,AU,-17.5333,146.0333,59.29,78,0,6.93,clear sky
513,Pemberton,CA,50.3164,-122.8027,65.89,65,100,4.52,overcast clouds
514,Cochrane,CA,51.1834,-114.4687,68.76,41,100,1.5,overcast clouds
515,Redlands,US,34.0556,-117.1825,97.93,27,0,0.0,clear sky
516,Brae,GB,60.3964,-1.353,54.21,94,100,13.76,overcast clouds
517,Aklavik,CA,68.2191,-135.0107,55.4,94,100,6.91,light intensity drizzle
518,Kalmar,SE,56.6616,16.3616,59.14,80,89,5.01,overcast clouds
519,Buluang,PH,13.3068,123.3425,77.85,93,90,1.34,overcast clouds
520,San Antero,CO,9.3741,-75.7589,85.41,71,85,5.53,overcast clouds
521,Barranca,PE,-10.75,-77.7667,65.39,73,85,10.85,overcast clouds
522,Katangli,RU,51.7102,143.2326,61.21,95,93,3.38,overcast clouds
523,Black River,JM,18.0264,-77.8487,91.42,50,97,15.32,overcast clouds
524,San Patricio,US,28.017,-97.5169,96.69,37,10,3.91,clear sky
525,Ola,RU,59.5833,151.2833,53.94,89,2,2.35,clear sky
526,Anloga,GH,5.7947,0.8973,77.99,80,62,16.35,broken clouds
527,Guarapari,BR,-20.6667,-40.4975,74.89,63,20,11.59,few clouds
528,Wadena,US,46.4425,-95.1361,73.15,83,40,13.8,scattered clouds
529,Belmonte,BR,-15.8631,-38.8828,77.34,64,20,10.09,few clouds
530,Manakara,MG,-22.1333,48.0167,67.62,72,40,6.91,scattered clouds
531,Quanzhou,CN,24.9139,118.5858,78.53,94,53,4.61,broken clouds
532,Kaseda,JP,31.4167,130.3167,77.56,82,34,3.96,scattered clouds
533,Roald,NO,62.5833,6.1333,61.16,76,75,2.3,broken clouds
534,Tombouctou,ML,20.0,-3.0,110.1,6,45,3.71,scattered clouds
535,Axim,GH,4.8699,-2.2405,77.95,75,83,10.07,broken clouds
536,Saldanha,ZA,-33.0117,17.9442,56.25,87,66,14.41,broken clouds
537,Karla,EE,59.3723,24.9275,63.57,82,20,4.61,few clouds
538,Kipushi,CD,-11.7667,27.2333,63.16,41,12,3.91,few clouds
539,Maceio,BR,-9.6658,-35.7353,80.04,65,40,14.97,scattered clouds
540,Mwinilunga,ZM,-11.7358,24.4293,64.42,38,3,4.0,clear sky
541,Abashiri,JP,44.0213,144.2697,63.09,96,39,7.09,scattered clouds
542,Shimanovsk,RU,52.0,127.7,58.73,84,13,5.17,few clouds
543,Hualmay,PE,-11.0964,-77.6139,66.4,72,50,11.03,scattered clouds
544,Reconquista,AR,-29.15,-59.65,82.94,42,57,16.69,broken clouds
545,Bonthe,SL,7.5264,-12.505,76.77,87,100,11.3,light rain
546,Sarakhs,IR,36.5449,61.1577,89.74,19,0,0.0,clear sky
547,Breves,BR,-1.6822,-50.4803,89.44,49,18,5.08,few clouds
548,Ceyhan,TR,37.0247,35.8175,82.74,64,2,11.59,clear sky
549,Bridgetown,BB,13.1,-59.6167,86.49,70,75,18.41,broken clouds
550,Thinadhoo,MV,0.5333,72.9333,82.92,75,100,9.04,overcast clouds
551,Northam,GB,51.0333,-4.2167,76.24,51,5,8.7,clear sky
552,Pringsewu,ID,-5.3582,104.9744,71.15,97,91,1.16,overcast clouds
553,Charters Towers,AU,-20.1,146.2667,47.62,64,0,7.29,clear sky
554,Siuna,NI,13.7332,-84.7773,83.05,75,79,6.13,broken clouds
555,Adrar,MR,20.5022,-10.0711,110.64,6,0,12.5,clear sky
556,Atar,MR,20.5169,-13.0499,111.47,9,0,2.44,clear sky
557,Willowmore,ZA,-33.2926,23.4895,48.65,72,68,5.84,broken clouds
558,La Rioja,ES,42.25,-2.5,91.18,22,0,6.76,clear sky
559,Ciudad Bolivar,VE,8.1222,-63.5497,84.6,69,81,14.07,broken clouds
560,Skibbereen,IE,51.55,-9.2667,69.12,72,14,9.55,few clouds
561,Aasiaat,GL,68.7098,-52.8699,38.19,86,100,8.66,overcast clouds
562,Singur,IN,22.8092,88.2294,82.29,78,49,10.27,scattered clouds
563,Kahului,US,20.8947,-156.47,78.84,70,20,14.97,few clouds
564,Bourail,NC,-21.5667,165.4833,73.33,83,73,7.87,broken clouds
565,Sungaipenuh,ID,-2.0833,101.3833,63.3,96,95,2.42,overcast clouds
566,Komsomolskiy,UZ,40.4272,71.7189,81.32,26,85,2.3,overcast clouds
567,Iracoubo,GF,5.4802,-53.2011,79.75,83,93,5.68,overcast clouds
568,Dzaoudzi,YT,-12.7887,45.2699,76.89,65,20,12.66,few clouds
569,Dinajpur,BD,25.6272,88.6386,87.49,67,71,7.67,broken clouds
570,Parabel,RU,58.6978,81.4825,63.93,71,9,7.92,clear sky
571,Pangody,RU,65.85,74.4859,61.56,65,54,10.42,broken clouds
572,Bac Lieu,VN,9.285,105.7244,76.48,91,100,18.1,overcast clouds
573,Miri,MY,4.4148,114.0089,73.54,94,40,10.36,scattered clouds
574,Finschhafen,PG,-6.6024,147.8681,79.12,78,61,5.59,broken clouds
575,Ancud,CL,-41.8697,-73.8203,44.22,86,100,14.85,light rain
576,Portland,US,45.5234,-122.6762,71.78,65,75,5.01,broken clouds
577,Salinas,US,36.6777,-121.6555,81.57,72,20,5.75,few clouds
578,Grindavik,IS,63.8424,-22.4338,53.55,87,100,16.11,overcast clouds
579,Fukue,JP,32.6881,128.8419,78.4,88,37,3.67,scattered clouds
580,Te Anau,NZ,-45.4167,167.7167,30.31,95,87,0.83,overcast clouds
581,Kaduqli,SD,11.0167,29.7167,79.9,68,85,3.8,overcast clouds
582,Gigmoto,PH,13.7796,124.39,80.24,87,99,3.2,overcast clouds
583,Korla,CN,41.7597,86.1469,81.72,22,2,5.21,clear sky
584,Ocampo,MX,21.65,-101.5,72.57,36,2,10.6,clear sky
585,Neulengbach,AT,48.1974,15.9022,68.77,56,74,8.99,broken clouds
586,Los Llanos De Aridane,ES,28.6585,-17.9182,71.35,78,0,16.11,clear sky
587,Tomatlan,MX,19.9333,-105.25,91.33,52,83,3.78,broken clouds
588,Mbandaka,CD,0.0487,18.2603,78.8,59,92,0.63,overcast clouds
589,Grande-Synthe,FR,51.0154,2.2998,79.99,55,19,6.55,few clouds
590,Hofn,IS,64.2539,-15.2082,50.56,99,100,9.15,overcast clouds
591,Constitucion,CL,-35.3333,-72.4167,53.28,69,100,3.85,overcast clouds
592,Khovu-Aksy,RU,51.1333,93.6,57.09,61,96,4.94,overcast clouds
593,Vardo,NO,70.3705,31.1107,51.78,93,100,2.3,overcast clouds
594,Jamsa,FI,61.8642,25.19,68.72,53,98,2.06,overcast clouds
595,Puerto Madryn,AR,-42.7692,-65.0385,43.27,87,100,23.82,light rain
596,Lagoa,PT,39.05,-27.9833,68.79,66,50,7.63,scattered clouds
597,Sandovo,RU,58.4602,36.4128,62.15,97,98,9.55,very heavy rain
598,Kanda,JP,33.7833,130.9833,78.76,89,20,3.44,few clouds
599,Hattiesburg,US,31.3271,-89.2903,87.73,66,40,8.05,scattered clouds
600,Bilibino,RU,68.0546,166.4372,41.86,82,96,1.7,overcast clouds
601,Manaure,CO,11.7751,-72.4445,90.0,53,84,19.84,broken clouds
602,Wajima,JP,37.4,136.9,75.31,86,40,2.59,scattered clouds
603,Bahia Blanca,AR,-38.7196,-62.2724,58.42,32,97,13.29,overcast clouds
604,Mahon,ES,39.8885,4.2658,82.96,54,20,6.91,few clouds
605,Ouadda,CF,8.0777,22.4007,71.24,92,99,4.12,light rain
606,Chenzhou,CN,25.8,113.0333,78.57,89,7,5.08,clear sky
607,Sao Joao Da Barra,BR,-21.6403,-41.0511,77.09,69,4,13.22,clear sky
608,Paciran,ID,-6.8767,112.3761,77.79,81,21,4.85,few clouds
609,Urengoy,RU,65.9667,78.3667,56.89,83,68,6.71,light rain
610,Dangriga,BZ,16.9692,-88.2321,82.83,76,6,8.7,clear sky
611,Awjilah,LY,29.1081,21.2869,91.96,25,0,16.51,clear sky
612,Grants,US,35.1473,-107.8514,79.03,38,7,6.91,clear sky
613,Mildura,AU,-34.2,142.15,47.7,66,100,7.25,overcast clouds
614,Billings,US,45.7833,-108.5007,83.97,35,20,9.22,few clouds
615,Kasongo-Lunda,CD,-6.4667,16.8167,80.73,25,38,2.3,scattered clouds
616,Baijiantan,CN,45.6333,85.1833,83.01,26,68,8.57,broken clouds
617,Alta Floresta,BR,-9.8756,-56.0861,96.62,30,40,9.22,scattered clouds
618,Luba,GQ,3.4568,8.5547,76.41,86,74,11.81,light rain
619,Batavia,US,41.85,-88.3126,83.95,46,0,4.61,clear sky
620,Colac,AU,-38.3333,143.5833,46.08,85,99,5.1,overcast clouds
621,Jidong,CN,45.2167,131.0833,64.54,90,97,1.81,overcast clouds
622,Osoyoos,CA,49.0331,-119.4524,74.16,38,58,1.14,broken clouds
623,Luoyang,CN,34.6836,112.4536,77.49,71,87,11.86,overcast clouds
624,Namibe,AO,-15.1961,12.1522,64.92,81,1,4.25,clear sky
625,La Primavera,CO,5.4906,-70.4092,84.74,63,83,2.13,broken clouds
626,Flinders,AU,-34.5833,150.8552,53.19,89,88,1.99,overcast clouds
627,Saint-Georges,GD,12.0564,-61.7485,85.68,74,20,25.32,few clouds
628,Graciano Sanchez,MX,23.9167,-99.2833,90.55,42,4,5.99,clear sky
629,Vangaindrano,MG,-23.35,47.6,65.77,83,59,5.7,broken clouds
630,Leningradskiy,RU,69.3833,178.4167,37.4,86,100,17.74,overcast clouds
631,Livingstone,ZM,-17.8419,25.8543,66.51,44,0,10.45,clear sky
632,Ust-Nera,RU,64.5667,143.2,66.31,67,85,4.14,overcast clouds
633,Ojinaga,MX,29.5667,-104.4167,99.57,36,0,0.0,clear sky
634,Siderno,IT,38.2779,16.302,79.07,53,1,5.75,clear sky
635,Demyansk,RU,57.643,32.466,65.34,90,77,3.04,light rain
636,Ust-Tsilma,RU,65.441,52.1498,69.3,47,76,4.79,broken clouds
637,Cairns,AU,-16.9167,145.7667,61.07,88,1,1.14,clear sky
638,Tanout,NE,14.9709,8.8879,95.74,25,42,11.32,scattered clouds
639,Isangel,VU,-19.55,169.2667,75.65,86,1,5.46,clear sky
640,Pliska,BG,43.3667,27.1167,74.48,60,74,8.61,light rain
641,Yerbogachen,RU,61.2767,108.0108,57.33,70,96,5.14,overcast clouds
642,Madimba,TZ,-10.4,40.3333,72.72,83,40,9.22,scattered clouds
643,Yatou,CN,37.15,122.3833,74.32,87,97,4.79,overcast clouds
644,Susaki,JP,33.3667,133.2833,76.51,92,67,1.61,broken clouds
645,Izsak,HU,46.8045,19.3517,73.94,28,47,23.11,scattered clouds
646,Touros,BR,-5.1989,-35.4608,80.55,75,39,19.08,scattered clouds
647,Reyes,BO,-14.3167,-67.3833,93.07,35,4,7.02,clear sky
648,Churapcha,RU,62.0025,132.4325,66.33,99,100,5.3,moderate rain
649,Kathu,TH,7.9178,98.3332,82.22,82,100,15.41,light rain
650,Karasuk,RU,53.7377,78.0403,69.35,75,66,8.59,broken clouds
651,Rusape,ZW,-18.5278,32.1284,56.95,47,10,5.68,clear sky
652,Carlsbad,US,33.1581,-117.3506,92.77,73,0,10.36,clear sky
653,Saint-Leu,RE,-21.15,55.2833,69.31,65,51,5.39,broken clouds
654,Vina Del Mar,CL,-33.0246,-71.5518,52.32,91,100,3.44,overcast clouds
655,Mabaruma,GY,8.2,-59.7833,80.44,91,98,5.46,overcast clouds
656,Chimbote,PE,-9.0853,-78.5783,67.06,72,87,9.08,overcast clouds
657,Palasa,IN,18.7667,84.4167,80.87,88,95,4.21,overcast clouds
658,Fare,PF,-16.7,-151.0167,78.03,76,74,21.47,light rain
659,Lazurne,UA,46.084,32.5295,77.81,59,96,10.27,overcast clouds
660,Ushtobe,KZ,45.2514,77.9838,75.36,31,1,7.81,clear sky
661,Gravdal,NO,68.1214,13.5031,54.52,76,6,6.02,clear sky
662,Nampula,MZ,-15.1165,39.2666,67.95,83,0,9.22,clear sky
663,Taltal,CL,-25.4,-70.4833,61.25,51,75,3.8,broken clouds
664,Anchorage,US,61.2181,-149.9003,61.68,82,0,5.75,clear sky
665,Emba,KZ,48.8264,58.1442,77.0,37,78,9.19,broken clouds
666,Kargasok,RU,59.0556,80.8572,65.01,62,10,8.59,clear sky
667,Rokytne,UA,51.2796,27.214,64.31,63,100,4.76,overcast clouds
668,Zhuhai,CN,22.2769,113.5678,86.86,89,20,4.61,few clouds
669,Kempele,FI,64.9131,25.5034,64.42,72,0,8.05,clear sky
670,Mlonggo,ID,-6.5333,110.7,77.88,80,56,3.96,broken clouds
671,Yarmouth,US,41.7057,-70.2286,77.14,42,0,11.5,clear sky
672,Shestakovo,RU,56.4915,103.96,58.55,73,99,2.75,overcast clouds
673,Shimoda,JP,34.6667,138.95,73.11,89,0,2.91,clear sky
674,Ewa Beach,US,21.3156,-158.0072,78.75,70,0,11.5,clear sky
675,Atherton,GB,53.5237,-2.4935,80.74,57,30,3.0,scattered clouds
676,Yangshan,CN,28.7615,115.0287,78.73,86,6,3.22,clear sky
677,Illela,NG,13.7292,5.2975,90.84,38,100,10.89,overcast clouds
678,Sandwick,GB,60.0,-1.25,53.42,94,75,16.11,broken clouds
